{
    "10":[
        [
            30,
            0.4691081801315448
        ],
        [
            60,
            0.4795607463941105
        ],
        [
            90,
            0.006974742079959358
        ],
        [
            120,
            0.0005407772545004842
        ]
    ],
    "8":[
        [
            30,
            0.46087104424323283
        ],
        [
            60,
            0.381506829147127
        ],
        [
            90,
            0.2889651897347647
        ],
        [
            120,
            0.2811087795558604
        ],
        [
            150,
            0.6447004456702156
        ],
        [
            180,
            0.023340443503265904
        ]
    ],
    "13":[
        [
            30,
            0.41755442179094787
        ],
        [
            60,
            0.4002184897759123
        ],
        [
            90,
            0.6087042663522825
        ],
        [
            120,
            0.612617643258406
        ],
        [
            150,
            0.6627372064989437
        ],
        [
            180,
            0.7022744794857113
        ],
        [
            210,
            0.013051302504344903
        ],
        [
            240,
            0.0015869255510298351
        ]
    ],
    "9":[
        [
            30,
            0.36940862567670485
        ],
        [
            60,
            0.43321120653692846
        ],
        [
            90,
            0.7190617017889279
        ],
        [
            120,
            0.6779041469387117
        ],
        [
            150,
            0.7292915161209288
        ],
        [
            180,
            0.6655184613996412
        ],
        [
            210,
            0.006607792055947923
        ],
        [
            240,
            0.0025327108031467137
        ]
    ],
    "11":[
        [
            30,
            0.44580022470371644
        ],
        [
            60,
            0.4829611641364821
        ],
        [
            90,
            0.5736710986807719
        ],
        [
            120,
            0.5617442230795852
        ],
        [
            150,
            0.29847478632482644
        ],
        [
            180,
            0.0030144692600448295
        ]
    ],
    "14":[
        [
            30,
            0.4039747897292555
        ],
        [
            60,
            0.4255020379213455
        ],
        [
            90,
            0.5032450604326968
        ],
        [
            120,
            0.47953603233106434
        ],
        [
            150,
            0.43331635999579265
        ],
        [
            180,
            0.5427994009549588
        ],
        [
            210,
            0.8309753336601284
        ],
        [
            240,
            0.919059374560472
        ],
        [
            270,
            0.9464176756232529
        ],
        [
            300,
            0.9937231341504511
        ]
    ],
    "12":[
        [
            30,
            0.367020035337481
        ],
        [
            60,
            0.2951854677978101
        ],
        [
            90,
            0.03143717697980884
        ],
        [
            120,
            0.0028780681735256913
        ]
    ]
}
